proizvodjac,brzina,racunar,
LG,160,28085,DVD-ROM
LG,160,84062,DVD-ROM
LG,160,17053,DVD-ROM
LG,160,7922,DVD-ROM
LG,160,63545,DVD-ROM
Asus,160,97088,DVD-ROM
Asus,160,34207,DVD-ROM
Asus,160,623,DVD-ROM
Asus,160,8301,DVD-ROM
Asus,160,95832,DVD-ROM
LG,160,17976,DVD-ROM
LG,160,61108,DVD-ROM
LG,160,79150,DVD-ROM
LG,160,20982,DVD-ROM
LG,160,86211,DVD-ROM
Asus,160,50657,DVD-ROM
Asus,160,51955,DVD-ROM
Asus,160,97823,DVD-ROM
Asus,160,34925,DVD-ROM
Asus,160,72689,DVD-ROM
LG,160,99345,DVD-ROM
LG,160,46273,DVD-ROM
LG,160,52512,DVD-ROM
LG,160,24660,DVD-ROM
LG,160,11393,DVD-ROM
Asus,160,95566,DVD-ROM
Asus,160,87348,DVD-ROM
Asus,160,78046,DVD-ROM
Asus,160,22852,DVD-ROM
Asus,160,80761,DVD-ROM
LITE-ON,139,68627,DVD-ROM
LITE-ON,139,93207,DVD-ROM
LITE-ON,139,96030,DVD-ROM
LITE-ON,139,97113,DVD-ROM
LITE-ON,139,75258,DVD-ROM
Adaptec,241,4944,DVD-ROM
Adaptec,241,68309,DVD-ROM
Adaptec,241,42399,DVD-ROM
Adaptec,241,20665,DVD-ROM
Adaptec,241,26177,DVD-ROM
Addonics,199,33210,DVD-ROM
Addonics,199,65614,DVD-ROM
Addonics,199,21709,DVD-ROM
Addonics,199,98605,DVD-ROM
Addonics,199,67233,DVD-ROM
Archos,160,58673,DVD-ROM
Archos,160,3375,DVD-ROM
Archos,160,97132,DVD-ROM
Archos,160,63670,DVD-ROM
Archos,160,16466,DVD-ROM
BenQ,228,71366,DVD-ROM
BenQ,228,87863,DVD-ROM
BenQ,228,48460,DVD-ROM
BenQ,228,88497,DVD-ROM
BenQ,228,22674,DVD-ROM
Creative,234,35812,DVD-ROM
Creative,234,26767,DVD-ROM
Creative,234,34616,DVD-ROM
Creative,234,51498,DVD-ROM
Creative,234,48805,DVD-ROM
BenQ,228,52370,DVD-ROM
BenQ,228,12458,DVD-ROM
BenQ,228,60547,DVD-ROM
BenQ,228,6728,DVD-ROM
BenQ,228,30650,DVD-ROM
Creative,234,37694,DVD-ROM
Creative,234,7314,DVD-ROM
Creative,234,23347,DVD-ROM
Creative,234,52351,DVD-ROM
Creative,234,77534,DVD-ROM
GoldStar,163,93624,DVD-ROM
GoldStar,163,95711,DVD-ROM
GoldStar,163,93195,DVD-ROM
GoldStar,163,60312,DVD-ROM
GoldStar,163,38312,DVD-ROM
Golden Hawk,162,35317,DVD-ROM
Golden Hawk,162,63999,DVD-ROM
Golden Hawk,162,5733,DVD-ROM
Golden Hawk,162,1523,DVD-ROM
Golden Hawk,162,37646,DVD-ROM
HP,239,84598,DVD-ROM
HP,239,83107,DVD-ROM
HP,239,77893,DVD-ROM
HP,239,46513,DVD-ROM
HP,239,46657,DVD-ROM
I/O Magic,206,22958,DVD-ROM
I/O Magic,206,80862,DVD-ROM
I/O Magic,206,40526,DVD-ROM
I/O Magic,206,56034,DVD-ROM
I/O Magic,206,40326,DVD-ROM
HP,239,40290,DVD-ROM
HP,239,99694,DVD-ROM
HP,239,84809,DVD-ROM
HP,239,63348,DVD-ROM
HP,239,71159,DVD-ROM
I/O Magic,206,96426,DVD-ROM
I/O Magic,206,84475,DVD-ROM
I/O Magic,206,92426,DVD-ROM
I/O Magic,206,15630,DVD-ROM
I/O Magic,206,87431,DVD-ROM
InterVideo,182,30876,DVD-ROM
InterVideo,182,86728,DVD-ROM
InterVideo,182,28593,DVD-ROM
InterVideo,182,92652,DVD-ROM
InterVideo,182,79898,DVD-ROM
JVC,242,48767,DVD-ROM
JVC,242,37080,DVD-ROM
JVC,242,41459,DVD-ROM
JVC,242,19157,DVD-ROM
JVC,242,94783,DVD-ROM
Kanguru,181,46175,DVD-ROM
Kanguru,181,61733,DVD-ROM
Kanguru,181,17143,DVD-ROM
Kanguru,181,86904,DVD-ROM
Kanguru,181,46622,DVD-ROM
LG Electronics,233,67661,DVD-ROM
LG Electronics,233,49973,DVD-ROM
LG Electronics,233,69808,DVD-ROM
LG Electronics,233,18996,DVD-ROM
LG Electronics,233,21753,DVD-ROM
LITE-ON,240,96950,DVD-ROM
LITE-ON,240,48303,DVD-ROM
LITE-ON,240,64575,DVD-ROM
LITE-ON,240,6312,DVD-ROM
LITE-ON,240,44971,DVD-ROM
Margi,190,35979,DVD-ROM
Margi,190,46350,DVD-ROM
Margi,190,55899,DVD-ROM
Margi,190,42596,DVD-ROM
Margi,190,60959,DVD-ROM
Panasonic,164,72596,DVD-ROM
Panasonic,164,10239,DVD-ROM
Panasonic,164,93515,DVD-ROM
Panasonic,164,97520,DVD-ROM
Panasonic,164,83348,DVD-ROM
Pioneer,201,58116,DVD-ROM
Pioneer,201,47586,DVD-ROM
Pioneer,201,14521,DVD-ROM
Pioneer,201,65863,DVD-ROM
Pioneer,201,52887,DVD-ROM
Panasonic,164,42382,DVD-ROM
Panasonic,164,23489,DVD-ROM
Panasonic,164,42721,DVD-ROM
Panasonic,164,74760,DVD-ROM
Panasonic,164,35688,DVD-ROM
Pioneer,201,95889,DVD-ROM
Pioneer,201,84781,DVD-ROM
Pioneer,201,75287,DVD-ROM
Pioneer,201,33975,DVD-ROM
Pioneer,201,81873,DVD-ROM
Plextor,199,12558,DVD-ROM
Plextor,199,77350,DVD-ROM
Plextor,199,47320,DVD-ROM
Plextor,199,2986,DVD-ROM
Plextor,199,38807,DVD-ROM
Sanyo,225,85417,DVD-ROM
Sanyo,225,16632,DVD-ROM
Sanyo,225,96880,DVD-ROM
Sanyo,225,31651,DVD-ROM
Sanyo,225,7056,DVD-ROM
Sigma Designs,235,76626,DVD-ROM
Sigma Designs,235,66365,DVD-ROM
Sigma Designs,235,3935,DVD-ROM
Sigma Designs,235,2703,DVD-ROM
Sigma Designs,235,32484,DVD-ROM
Sony,161,60629,DVD-ROM
Sony,161,27286,DVD-ROM
Sony,161,25959,DVD-ROM
Sony,161,50687,DVD-ROM
Sony,161,22581,DVD-ROM
TDK,163,30559,DVD-ROM
TDK,163,75324,DVD-ROM
TDK,163,63790,DVD-ROM
TDK,163,67766,DVD-ROM
TDK,163,69265,DVD-ROM
Toshiba,205,77780,DVD-ROM
Toshiba,205,86038,DVD-ROM
Toshiba,205,92624,DVD-ROM
Toshiba,205,18665,DVD-ROM
Toshiba,205,32492,DVD-ROM
Yamaha,210,25316,DVD-ROM
Yamaha,210,37046,DVD-ROM
Yamaha,210,15593,DVD-ROM
Yamaha,210,67591,DVD-ROM
Yamaha,210,54932,DVD-ROM
Zoran,161,89415,DVD-ROM
Zoran,161,14682,DVD-ROM
Zoran,161,52527,DVD-ROM
Zoran,161,59355,DVD-ROM
Zoran,161,25409,DVD-ROM
Yamaha,210,32872,DVD-ROM
Yamaha,210,73959,DVD-ROM
Yamaha,210,41463,DVD-ROM
Yamaha,210,40670,DVD-ROM
Yamaha,210,89099,DVD-ROM
Zoran,161,42243,DVD-ROM
Zoran,161,24223,DVD-ROM
Zoran,161,25504,DVD-ROM
Zoran,161,52975,DVD-ROM
Zoran,161,15615,DVD-ROM
