tip ,naziv,cipset,Racunari
Matièna ploèa,Intel,Z590,28085
Matièna ploèa,Intel,Z590,84062
Matièna ploèa,Intel,Z590,17053
Matièna ploèa,Intel,Z590,7922
Matièna ploèa,Intel,Z590,63545
Matièna ploèa,Gigabyte,Z390,97088
Matièna ploèa,Gigabyte,Z390,34207
Matièna ploèa,Gigabyte,Z390,623
Matièna ploèa,Gigabyte,Z390,8301
Matièna ploèa,Gigabyte,Z390,95832
Matièna ploèa,Intel,Z590,17976
Matièna ploèa,Intel,Z590,61108
Matièna ploèa,Intel,Z590,79150
Matièna ploèa,Intel,Z590,20982
Matièna ploèa,Intel,Z590,86211
Matièna ploèa,Gigabyte,Z390,50657
Matièna ploèa,Gigabyte,Z390,51955
Matièna ploèa,Gigabyte,Z390,97823
Matièna ploèa,Gigabyte,Z390,34925
Matièna ploèa,Gigabyte,Z390,72689
Matièna ploèa,Intel,Z590,99345
Matièna ploèa,Intel,Z590,46273
Matièna ploèa,Intel,Z590,52512
Matièna ploèa,Intel,Z590,24660
Matièna ploèa,Intel,Z590,11393
Matièna ploèa,Gigabyte,Z390,95566
Matièna ploèa,Gigabyte,Z390,87348
Matièna ploèa,Gigabyte,Z390,78046
Matièna ploèa,Gigabyte,Z390,22852
Matièna ploèa,Gigabyte,Z390,80761
Matièna ploèa,Intel,B560,68627
Matièna ploèa,Intel,B560,93207
Matièna ploèa,Intel,B560,96030
Matièna ploèa,Intel,B560,97113
Matièna ploèa,Intel,B560,75258
Matièna ploèa,Intel,H510,4944
Matièna ploèa,Intel,H510,68309
Matièna ploèa,Intel,H510,42399
Matièna ploèa,Intel,H510,20665
Matièna ploèa,Intel,H510,26177
Matièna ploèa,Intel,Z490,33210
Matièna ploèa,Intel,Z490,65614
Matièna ploèa,Intel,Z490,21709
Matièna ploèa,Intel,Z490,98605
Matièna ploèa,Intel,Z490,67233
Matièna ploèa,Intel,H470,58673
Matièna ploèa,Intel,H470,3375
Matièna ploèa,Intel,H470,97132
Matièna ploèa,Intel,H470,63670
Matièna ploèa,Intel,H470,16466
Matièna ploèa,Intel,H410,71366
Matièna ploèa,Intel,H410,87863
Matièna ploèa,Intel,H410,48460
Matièna ploèa,Intel,H410,88497
Matièna ploèa,Intel,H410,22674
Matièna ploèa,Intel,B460,35812
Matièna ploèa,Intel,B460,26767
Matièna ploèa,Intel,B460,34616
Matièna ploèa,Intel,B460,51498
Matièna ploèa,Intel,B460,48805
Matièna ploèa,Intel,H410,52370
Matièna ploèa,Intel,H410,12458
Matièna ploèa,Intel,H410,60547
Matièna ploèa,Intel,H410,6728
Matièna ploèa,Intel,H410,30650
Matièna ploèa,Intel,B460,37694
Matièna ploèa,Intel,B460,7314
Matièna ploèa,Intel,B460,23347
Matièna ploèa,Intel,B460,52351
Matièna ploèa,Intel,B460,77534
Matièna ploèa,Intel,Z390,93624
Matièna ploèa,Intel,Z390,95711
Matièna ploèa,Intel,Z390,93195
Matièna ploèa,Intel,Z390,60312
Matièna ploèa,Intel,Z390,38312
Matièna ploèa,Intel,Z370,35317
Matièna ploèa,Intel,Z370,63999
Matièna ploèa,Intel,Z370,5733
Matièna ploèa,Intel,Z370,1523
Matièna ploèa,Intel,Z370,37646
Matièna ploèa,Intel,H370,84598
Matièna ploèa,Intel,H370,83107
Matièna ploèa,Intel,H370,77893
Matièna ploèa,Intel,H370,46513
Matièna ploèa,Intel,H370,46657
Matièna ploèa,Gigabyte,H570,22958
Matièna ploèa,Gigabyte,H570,80862
Matièna ploèa,Gigabyte,H570,40526
Matièna ploèa,Gigabyte,H570,56034
Matièna ploèa,Gigabyte,H570,40326
Matièna ploèa,Intel,H370,40290
Matièna ploèa,Intel,H370,99694
Matièna ploèa,Intel,H370,84809
Matièna ploèa,Intel,H370,63348
Matièna ploèa,Intel,H370,71159
Matièna ploèa,Gigabyte,H570,96426
Matièna ploèa,Gigabyte,H570,84475
Matièna ploèa,Gigabyte,H570,92426
Matièna ploèa,Gigabyte,H570,15630
Matièna ploèa,Gigabyte,H570,87431
Matièna ploèa,Intel,B360,30876
Matièna ploèa,Intel,B360,86728
Matièna ploèa,Intel,B360,28593
Matièna ploèa,Intel,B360,92652
Matièna ploèa,Intel,B360,79898
Matièna ploèa,AMD,TRX40,48767
Matièna ploèa,AMD,TRX40,37080
Matièna ploèa,AMD,TRX40,41459
Matièna ploèa,AMD,TRX40,19157
Matièna ploèa,AMD,TRX40,94783
Matièna ploèa,AMD,X570,46175
Matièna ploèa,AMD,X570,61733
Matièna ploèa,AMD,X570,17143
Matièna ploèa,AMD,X570,86904
Matièna ploèa,AMD,X570,46622
Matièna ploèa,AMD,B550,67661
Matièna ploèa,AMD,B550,49973
Matièna ploèa,AMD,B550,69808
Matièna ploèa,AMD,B550,18996
Matièna ploèa,AMD,B550,21753
Matièna ploèa,AMD,A520,96950
Matièna ploèa,AMD,A520,48303
Matièna ploèa,AMD,A520,64575
Matièna ploèa,AMD,A520,6312
Matièna ploèa,AMD,A520,44971
Matièna ploèa,AMD,X470,35979
Matièna ploèa,AMD,X470,46350
Matièna ploèa,AMD,X470,55899
Matièna ploèa,AMD,X470,42596
Matièna ploèa,AMD,X470,60959
Matièna ploèa,Asus,B550,72596
Matièna ploèa,Asus,B550,10239
Matièna ploèa,Asus,B550,93515
Matièna ploèa,Asus,B550,97520
Matièna ploèa,Asus,B550,83348
Matièna ploèa,AMD,B450,58116
Matièna ploèa,AMD,B450,47586
Matièna ploèa,AMD,B450,14521
Matièna ploèa,AMD,B450,65863
Matièna ploèa,AMD,B450,52887
Matièna ploèa,AMD,B550,42382
Matièna ploèa,AMD,B550,23489
Matièna ploèa,AMD,B550,42721
Matièna ploèa,AMD,B550,74760
Matièna ploèa,AMD,B550,35688
Matièna ploèa,AMD,B450,95889
Matièna ploèa,AMD,B450,84781
Matièna ploèa,AMD,B450,75287
Matièna ploèa,AMD,B450,33975
Matièna ploèa,AMD,B450,81873
Matièna ploèa,AMD,X300,12558
Matièna ploèa,AMD,X300,77350
Matièna ploèa,AMD,X300,47320
Matièna ploèa,AMD,X300,2986
Matièna ploèa,AMD,X300,38807
Matièna ploèa,AMD,A300,85417
Matièna ploèa,AMD,A300,16632
Matièna ploèa,AMD,A300,96880
Matièna ploèa,AMD,A300,31651
Matièna ploèa,AMD,A300,7056
Matièna ploèa,Asus,Z390,76626
Matièna ploèa,Asus,Z390,66365
Matièna ploèa,Asus,Z390,3935
Matièna ploèa,Asus,Z390,2703
Matièna ploèa,Asus,Z390,32484
Matièna ploèa,Intel,Z390,60629
Matièna ploèa,Intel,Z390,27286
Matièna ploèa,Intel,Z390,25959
Matièna ploèa,Intel,Z390,50687
Matièna ploèa,Intel,Z390,22581
Matièna ploèa,MSI,X570,30559
Matièna ploèa,MSI,X570,75324
Matièna ploèa,MSI,X570,63790
Matièna ploèa,MSI,X570,67766
Matièna ploèa,MSI,X570,69265
Matièna ploèa,AMD,X399,77780
Matièna ploèa,AMD,X399,86038
Matièna ploèa,AMD,X399,92624
Matièna ploèa,AMD,X399,18665
Matièna ploèa,AMD,X399,32492
Matièna ploèa,ASRock,A520,25316
Matièna ploèa,ASRock,A520,37046
Matièna ploèa,ASRock,A520,15593
Matièna ploèa,ASRock,A520,67591
Matièna ploèa,ASRock,A520,54932
Matièna ploèa,Intel,B365,89415
Matièna ploèa,Intel,B365,14682
Matièna ploèa,Intel,B365,52527
Matièna ploèa,Intel,B365,59355
Matièna ploèa,Intel,B365,25409
Matièna ploèa,ASRock,A520,32872
Matièna ploèa,ASRock,A520,73959
Matièna ploèa,ASRock,A520,41463
Matièna ploèa,ASRock,A520,40670
Matièna ploèa,ASRock,A520,89099
Matièna ploèa,Intel,B365,42243
Matièna ploèa,Intel,B365,24223
Matièna ploèa,Intel,B365,25504
Matièna ploèa,Intel,B365,52975
Matièna ploèa,Intel,B365,15615
